{
  "Server": "saiboot.com",
  "ServerPort": "13903",
  "ServerTurnPort": "13902",
  "ServerTurnUser": "YourTurnUser",
  "ServerTurnPass": "YourTurnPass",
  "ServerTurnRealm": "saiboot.com",
  "UUID": "",
  "ClientID": "",
  "AuthorPassword": "",
  "AllowTcpPortRange": [
    {
      "Start": 10000,
      "End": 20000
    },
    {
      "Start": 10000,
      "End": 20000
    }
  ],
  "AllowUdpPortRange": [
    {
      "Start": 10000,
      "End": 20000
    },
    {
      "Start": 10000,
      "End": 20000
    }
  ]
}
